Teks,label
Selamat Anda mendapatkan voucher Zalora Rp100rb. Masukkan kode voucher TSU59 saat transaksi di www.zalora.co.id/simPATI. Mau voucher lain? Hub *999*1#,2
Selamat Anda telah mendapatkan BONUS pulsa Rp 100.000 ke sesama Indosat Ooredoo berlaku 3 hari dan Poin senyum Anda bertambah. Cek bonus *557*8#,2
"Selamat bergabung di Tri, nikmati kuota 3GB utk 30 hari.Kuota akan diperpanjang otomatis selama pulsa cukup. Nikmati bonus kuota berlipat hingga 1GB setiap perpanjangan. Kartu otomatis menjadi non-aktif jika dlm waktu 3 bln tdk ada aktivitas sama sekali",2
Selamat Paket 50 SMS ke semua operator Anda telah aktif. Cek kuota di *888#,2
Selamat Paket Anda telah aktif. Cek kuota di *889#,2
Selamat Paket BBM Gratis Anda telah diaktifkan. Paket BBM ini berlaku untuk 30 hari,2
"Selamat Paket Flash 10 MB (1 hari) Rp.2500 telah diaktifkan, berlaku s/d tgl 07/08/2016 pk. 23:59 WIB. Paket langsung diperpanjang pada akhir masa aktif paket dengan tarif sesuai lokasi Anda. Cek status/berhenti berlangganan melalui *363#. Info detail tarif lihat di Tsel.me/internet",2
"Selamat tambahan Flash Anda sudah aktif, berlaku s.d. 2016-08-07 23:59:59.",2
"Selamat! Anda berhak membeli PAKET PAS untuk Nelpon, SMS, Internetan, Video, dan NSP. Pilih paketnya MULAI Rp500 di *100*999#, hanya berlaku HARI INI! Info: 188",2
Selamat! Anda sudah mengaktifkan INSTINK utk dpt info menarik dari Telkomsel. Info berhenti program:*600*600#. CS:133/188,2
Selamat!!anda telah mendapat gratis 200 sms dari SMSGIFT dari no. 6285258952502. Info CS : 133/188,2
"Selamat, Anda mendapatkan kuota Tsel sebesar 100SMS. Cek kuota melalui *889#. Info: www.telkomsel.com",2
"Selamat, Anda telah membeli Paket Combo Kenyang  Internet As. Cek bonus di *889#.",2
Sensasi seru main game yang belum pernah ada. Ayo bergabung dengan para heroes di Game HIT. Download Gratis di http://bit.ly/2c6jsXN,2
"Seru banget main 8 Ball Pool, pakai pulsa bisa banget loh Bro untuk beli koin games lainnya, cek caranya di http://tsel.me/jajanonline",2
Smartfren Gratis Mi-Fi/modem 4G Tahun baru saatnya ganti gadget baru Bawa pulang Mi-Fi 4Gm-mu dg tunjukan sms ini ke Galeri SF & isi pulsa 100rb disana s/d 13Jan Info:888,2
"Special PROMO! BONUS KUOTA 500MB (1hr)! Cukup isi ulang mulai dari 5,000 hari ini! Ayo buruan isi pulsa sekarang juga. T580",2
"Spesial untuk Anda! Paket Flash Volume Ultima, kuota 1,8GB/30hr, kuota lebih banyak! Harga mulai Rp60rb di *100*473#. Tarif&lokasi cek di tsel.me/FL",2
Spesial untuk Anda! Paket Internet Hemat Kuota berlimpah. Hanya Rp35 Ribu kuota 2.5 GB/30 hari. Aktifkan sekarang juga di *550*905#. Buruan..! SKB,2
"SPESIAL utk kamu pelanggan setia Indosat Ooredoo. Bonus 14 hari masa aktif, 10 menit telp dan 100 SMS, CUMA isi ulang s/d 16 Desember 2015. (bonus berlaku 1x)",2
"Sticker LINE yang lucu-lucu banyak banget loh, beli yuk dengan pulsamu, gampang banget, coba yuk",2
"SUPER Wow! Gratis 12 GB buat kamu, ckup dgn isi pulsa minimun Rp 100 Ribu s.d 22 November. Hanya berlaku satu kali kesempatan & berlaku akumulasi loh! TL053C",2
"Tambahan THR dr MatahariMall. Kode THR6 utk Diskon 6% Elektronik, kode THR15 utk Diskon 15% Lifestyle, kode THR25 utk Diskon 25% Fashion. http://mthr.ml/TSELTHR",2
Terima Kasih telah menggunakan Paket Data dari Indosat. Info detail tekan *123#,2
"Terima kasih telah menjadi pelanggan setia Indosatooredoo. Download Video + BONUS GRATIS Nelpon 60 Menit, hubungi *900*8#",2
"Terima kasih telah menjadi Sahabat IndosatOoredoo, dapatkan Video & Game seru + Gratis telp di *323*2#",2
"Terima kasih telah menjadi Sahabat IndosatOoredoo. Kenalan tanpa batas dan BONUS GRATIS NELPON 60 menit, hub *955*1# lalu YA/OK",2
Terima kasih telah menjadi Sahabat IndosatOoredoo. Mau tahu RAHASIA2 TERHEBOH ARTIS-ARTIS TOP + bonus gratis nelpon 60 menit?Tlp *700*1#,2
"Terima kasih telah menjadi Sahabat IndosatOoredoo. Download Video + BONUS GRATIS Nelpon 60 Menit, hubungi *900*8#",2
"Terima kasih tlh melakukan isi ulang tgl. 20.02.2016. GRATIS NELPON 60Menit+VIDEO, tekan *900*9# lalu YES/OK",2
"Terkini, ungkapin apa yang ada dipikiranmu lewat sticker line, beli pake pulsa TSel https://store.line.me/ download di stickershop",2
Terus Isi saldo TCASHmu dan nikmati aneka promo di merchants partner TCASH! Cek promo terbaru TCASH di tsel.me/tappromo,2
Thank you for your appreciation & trust in using Telkomsel service. For further feedback please advice & text sms to 1166 (FREE)(for int'l charged),2
Tingkatkan nilai isi ulang Anda selanjutnya minimal Rp10ribu untuk bisa mendapatkan Paket MURAH PAS di *100*999#. Info 188.,2
Tri berBAGI bonus PULSA di bulan pernuh berkah! Isi pulsa min. 5rb dapet bonus pulsa 10rb utk nelp ke nmr Tri! Hanya hari ini saja! Ayo buruan isi pulsa! T496,2
"TrmKsh Anda Tlh Berhasil Mengisi Pulsa SMARTFREN 10.000.Mau Jualan PULSA/BAYAR LISTRIK,SPEEDY/TELKOM Hub:Agen BAROKAH/Mp Reload.Pasti untung?",2
Udah top up coins di LINE utk beli sticker atau themes? Beli skrg jg pake pulsa utk tambah koleksi-mu! Cek caranya di http://tsel.me/jajanonline,2
"Use my invite code, nxmvf722ue, and get a free ride up to Rp75,000. Redeem it at https://www.uber.com/invite/nxmvf722ue",2
Wow! Diskon 50% utk pembelian paket Flash 6GB + BONUS 60Menit CUMA Rp60rb utk 30hr di *999*606# SEKARANG! Tunggu apalagi buruan! S&K berlaku,2
Wow! Promo diperpanjang sd 13 Agt. Khusus kamu! Tukar HP Smartfrenmu dengan Andromax E LTE Cuma 709rb dr 999rb. Ayo datangi Gallery Smartfren terdekat.,2
"Yang lain penuh batasan,kami beri kebebasa n. DOUBLE KUOTA BONUS 10GB(4G), UNLIMITED Nelp&SMS, Musik streaming gak pakai Kuota!cuma dg FREEDOM COMBO. Daftar*123#",2
Yuk dengerin secara langsung update keseharian Seleb dr Blog Suaranya! Tlp *5094* GRATIS 3hr lalu Rp2500/mgg.CS:838. VAS280,2
"Yuk INTERNET-an NGEBUT utk akses FB, Twitter, & Chatting dgn beli Paket Flash 500MB/7hr (sesuai zona lokasi) mulai Rp25rb di *100*433# cek tarif di tsel.me/FL",2
"Yuk temen belanja di google play, mudah banget loh, pakai pulsa juga bisa, http://tsel.me/jajanonline",2
"Yuk tetap gunakan Flash Volume Ultima utk update informasi Anda, kuota 60MB/7hr mulai Rp7rb di *100*431#. Tarif&lokasi cek di tsel.me/FL",2
Mau nonton bioskop gratis bersama keluarga? Cigna berikan khusus untuk Anda. Tunggu telepon dari kami. Info Cigna Klik bit.ly/tentangCIGNA,2
Yuks internetan seru-seruan dg Flash Volume Ultima kuota 1.8GB/30hr mulai dari Rp60rb sesuai zona lokasi. Hub *363*145#. Info tarif & lokasi lihat di tsel.me/FL,2
SLMT!!! NO anda m-dpt mobil AVANZA dr kartu AS di undi td malam di metro TV pkl : 23.00 wib u/info klik : www.telkomsell.jimdo atau/Hub : 0016285286552555,1
SLMT!!! NO anda m-dpt mobil AVANZA dr kartu AS. di undi td malam di metro TV PKL 23:00.info.kunjungi almt kami:www.Priode-.webs.com/hub:0016282190254447.TSEL,1
Slmt!!No anda Mendpt hadiah Rp.75jt.dari TELKOMSELpoin Diundi tadi mlm Pukul.23:30.wib Di RCTI.info Hub: 085217777509 Drs.H.SRIANTO Pengirim: +777,1
"SLMT!-No Anda M-dpt 1-unit Mobil all New AVANZA,Dari TELKOMSELpoin PIN_pmenan anda b89c7h9)U/info Lengkap kunjungi: www.telkomselpoin-777.pusku.com",1
"Slmt_No. Anda Mndptkn Hadiah ""GRAND PRIZE"" Uang 'Rp.100jt,dr TELKOMSEL poin No.PIN-25g47jk Hub Call Center 081233303888 Pengirim : T-Sel",1
"SMLT_Anda m-ndpt Hadiah TOYOTA ALL New AVANZA, dr TELKOMSELpoin, Pin pemenang anda b89c7h9. U/INFO Lebih lengkap kunjungi: http;//gebyartelkomsel.juplo.com",1
"solusi khusus pemegang kartu kredit, nikmati kredit tanpa angunan dari bank asing 5 - 99 jt = 1,79 % 100 - 150 jt = 1,5% hub: lukman 081586769255 021 - 94828857",1
"Solusi praktis khusus pemegang kartu kredit nikmati kemudahan Kredit Tanpa agunan 5 - 150jt dgn max pinj 5 X limit, HUB FANY 02194521396 ( abaikan jika tdk berminat )",1
Surat Keputusan dari Tri Care Indonesia No.XV/2015 Pin_Pemenang ANDA : 67ytg44 mendapatkan hadiah cek tunai Rp 45 jt. U/INFO kunjungi: www.id.tri.webnode.com.,1
"Surat Keputusan dari Tri Care INDONESIA No.XV/2016 PIN_PEMENANG ANDA.HH25H77 Mendapatkan Hadiah 1 Unit Mobil Honda Jazz RS,U/Info Klik:http//tri-2016.webnode.com/",1
Surat keputusan dari Tri Care INDONESIA No.XV/2016 Pin_Pemenang ANDA:67ytg44 mendapatkan HADIAH CEK TUNAI Rp.45juta U/INFO klik: www.info-undian3.webnode.com,1
Surat keputusan dari tri care indonesia no.XV\2016 pin pemenang anda 67YTG44 terpilih mendapatkan cek sebesar 45jt info kunjungi www.my-tri8.webnode.com,1
Surat Keputusan dr Tri Care No.XV/2015 PIN Pemenang Anda=M902CX8J Mendapat Cek Rp. 35juta. U/Info klik www.info-3careindonesia.tk,1
Surat Keputusan dri PT.Tri 3care No.XV/2015 Pin_Pemenan Anda 2f5c477 Ber'hasil Men-dapatkan 1 Yunit Mobil HONDA JAZZ RS.U/info Kunjungi www.situshadiah-3care.blogspot.co.id,1
Surat Keputusan Dri Tri Care No.XV/2015 Pin Pemenang 477BFG7S Mdptkan Hadiah HONDA JAZZ HUB:02150227999 Info Pin klik: www.tricareindonesia.com,1
Surat Keputusan PT.TRI CARE Slamat No.Anda Resmi Meraih Hadiah TOYOTA YARIS PIN Undian:477FBG7S Info Hub:089636872499 KLIK:www.pusat-tricare.com,1
Surat keputusan PT.TRI.3 SimCard anda Resmi M-dptakan Hadiah HONDA JAZZ Rs Pin Undian: 477BFG7S. Info Hub: 089667794299 KLIK : www.gebyar-tricare.com,1
Surat Keputusan PT.TRI.3 Slamat No.08966xxx Resmi M-dptkan HONDA JAZZ Rs KODE Pin:477BFG7S Info Hub:08606490199 KLIK: www.hadiah-tricare.com,1
Surat keputusan resmi dr Tri Care No.XV/2016 PIN Pemenang Anda=39XV544F Mendpt-1 unit Mobil HONDA JAZZ Rs U/Info klik www.kejutantriindonesia.blogspot.co.id¬†,1
Surat keputusan resmi M-KIOS NOXV/04/2016 Menyatakan No.Anda resmi meraih hadiah ke-2 dri PT.M-KIOS Pin;M248K81 u/info klik ; www.hadiah-ptmkios547.blogspot.com,1
Surat keputusan resmi SLMT'No SIM CARD anda telah T/pilih pemenang Ke-2 dri PT-M-TRONIK Pin anda:(2f54e7) U/info klik: www.cekhadiahmtronik2016.ga,1
Surat Keputusan: No.VII/T-3/16. Kode Undian: 94ad653 Selamat No.Anda mendpt Hadiah CEK TUNAI Rp.45Jt U/Info Kunjungi; www.gebyartricare.co.vu,1
Surat_keputusan dari tricare indonesia NO XV/2015 Pin pemenang 8JF2177 mendapatkan 1TOYOTA YARIS U/info Kunjungi www.tri-2015.webnode.com atau blogspot.com,1
"Sy Ajeng mendapat sms dari PT. 3Care Indonesia uang tunai Rp. 100 juta di website www.pttricare2016.blogspot.com tetapi dimintai membayar Administrasi Rp. 1,250 juta...sy juga di telpon pak Bambang Purwanto & diberi nomer rekening tujuan pembayaran Administrasi melalui Bank BRI a/n PT. TRI LESTARI bahkan dalam websitenya dicantumkan KTP Marketing Office PT. 3 Care Indonesia",1
"Sy Dr. Hj FATIMA sdh cocok mengenai Rumah dan Tanah Bpk/Ibu, tlg jgn ditawarkan lg ke yg lain. Soal Hrg negosiasi ke suami sy di 082375833300 Dr. H. HENDRA IRAWAN",1
"Sy Dr.Rimbawan(Dirmawa IPB)Yth,Jajang Roni Aunul Kholik(NIM:E14090090)Di minta Hbngi Skrng Prof.Dr.Ir.Yonny Koesmaryono,MS.0819882923.Di Tunjuk Hadir Seminar Pengembangan Karakter Mahasiswa Dari Dikti Tgl 14/15 April di Htl Nusa Dua Bali,Trims.",1
"Sy RUDI di jambi, bgi tman2 yg sering kalah Togel saatnya kalahkan bandar hub mbah ROS 082325557768 di jamin tembus, sy sdh buktikan 4D 50jt.",1
"sy RUDY dri MALAYSIA Brencana investasikan uang sy Sbagai bekal hidup di indo,sy butuh org yg bisa sy percayakan uang sy RM 5jt,bila Bsedia,sms di 085256144059",1
Terima kasih telah melakukan isi ulang di sunny15.Trx Sukses sbsar 10.000 SN:1790103904.BYR PLNTELKOM BISA.Kami tnggu kedatangan Anda kembali,1
Terima kasih telah melakukan pengisian di counter kami WAR PUL CELL. Info: kami Melayani pembayaran tagihan PLN,1
Terpilih dapat cek 27jt. KODE TRIPLE CEK ANDA (02599875) U/Info Klik Website www.undianbri.co.vu,1
"TOGEL SGP EDISI SENIN 10/06/2013 ANGKA JITU 40,76,65,53,89 di jamin tbs,stlh tbs anda harus krim plsa 100rb sebagai maharnya dkrm ke no; 082329969711 KI KARSO",1
"Toko bagus phone promo diskon 50% blackberry:Dakota Rp.2,8jt torchRp 2jt Gemini 900rb info/sms/pin 282F4C55 085776973349 WWW.TOKOBAGUSPHONE.COM",1
"toko bursa cuci gudang diskon 60% BB DAKOTA ; 2,3 JT, TOCH ; 1,6 JT, GEMINI ; 1 JT, LAPTOP INFO : 085322222369 PIN BB : 2A6FB800E www.shopinbursabb.blogspot.com",1
"TOKO JAYA BB,,, discount 50% berbagai type BLACKBERRY Gemini 900 ribu, Torch 2,5 jt, Dakota 2,8 jta NOKIA& SAMSUNG, Info klik www.jayabb.com",1
"TOKO JEMBER Promo Discon 50% Keyboard Yahama: Dakota Rp. 2,8 jt, Onix3 Rp. 2,2 jt, Gemini Rp. 800 rb Info/SMS : 085234234117 PIN BB 295C6D02 www.jember-shop.blogspot.com",1
"TOKO NIAGA-CELL Disc 45% Khusus PROMO :-  Blackberry-  NOKIA-  SAMSUNG-  IPHONE dll, Info Hub/sms ke : 082-33333-783 Buka  Website Kami : www.niaga-cell.blogspot.com",1
TOKO RAHMAT ABADI BIG SALE 50% Blackberry/Iphone Ipad/Samsung Laptop/DLL Info Hub Sms: 085774280447 PIN: 26AB6BEE Atau Cek di: www.abadi-shop47.blogspot.com,1
"Tolong belikan dulu mama pulsa 25rb di no AS baru mama 085245318024 soalnya teman mama kecelakaan, skrg kluarganya hrus dihubungi, nti mama ganti uangnya,penting",1
"tolong uangnya di kirim ke rekening ini aja,BRI, A/N: HASAN MAHMUD. REK: 3292-0101-9525-532. Sms aja klau sudah di kirim,makasih.",1
"Tolong uangnya di transfer aja kesini MANDIRI a/n RAHMAD ADRIAN No rek: 1340-0065-58125 sms aja kalo sdh dikirim, trims",1
"Tolong uangnya di transfer saja ke Bank ----- An Ardiansyah 5500248418, kalau sudah ditransfer sms saja, terima kasih",1
"Tolong uangnya Di transfer sekarang aja ke bank BNI: 022-741-3681. A/n FRISKA ANANDA, sms kalau sudah di Transfer, trimksi... - See more at: http://metropolitan.inilah.com/read/detail/1777965/awas-modus-penipuan-sms-model-baru#sthash.DKwN8EaE.dpuf",1
"Tolong uangnya dikirim aja kesini BANK DANAMON a/n Farida hanum No rek. 0035-3918- 4014 SMS aja klo udah dikirim, Trims",1
"Tolong uangnya ditransfer saja ke Bank xxx A/n. xxx 0231327XXX, kalau sudah ditransfer SMS saja, terima kasih",1
"TOP100 CELLULER Discound 25% BB DACOTA RP. 3,9 jt, BB ONYX3 Rp 3 jt, BB GEMINI Rp ¬†1 jt, Laptop\KAMERA, iphone ; dll, info kunjungi www.top100-celluler.com pin ; BB, 2A95596A",1
"TOUR-TRAVEL dptkan tiket pesawat, promo domestik & internasional mudah/aman, booking Online 24 jam hub telp : 081314447669 atau websete di : www.lion-airtravel.com.",1
"Transfer ke Bank xxx saja a/n xxx No rek 7390685xxx, kalau sudah ditransfer SMS ke no ini ya!",1
"Transfer ke BNI aja, a/n SORAYA HARUM rek;0233-293-922 klo sdh kbrin di nmr ini ya!",1
"Transfer ke Mandiri aja, a/n Resti Amanda norek 9000007701999",1
Transfer saja uangnya ke rek ini.mandiri.NO Rek: 152-00-1236312-9.a/n:DARMAN. klau sdah di Transfer SMS saja ke nmor ini Trima kasih,1
Transfernya ke BRI aja A/n ANGGA PRASTIA No Rek 1172-01-002218-502,1
"Trima ksh telah mjd pelanggan kami ""CNF AQUA"" gnkan no 085729791456 untuk pemesanan air isi ulang dan AGUA ASLI n sed!a jga gas 3kg dan 12kg tlng sebarkan sms ini ke tmn2 kost n kampus jga ya jgn berhenti di km terima kas!h(nb:tlng save no pemesanan aqua b!la suatu saat membutuhkan mksh).GRATIS ANTAR",1
TSELpoin 777 kejutan POIN Hadiah Rp.15jt Resmi diberikan 0852212XXXXX PIN-b7Bc247 u/info Hub/CS; PT.TELKOMSEL 021-40467488 021-50219992 Pengirim; +777,1
Uangnya di Trnsfer di BNI ini aja a/n RASTINA NO.REK.0253 7915 37.Klo sdh d Trnsfer Sms aja di no ini 085293355598 Trmks.,1
"Uangnya dikirim aja ke Rekening ini, BankBNI a/n SAFITRI ¬†No.Rekening 0282566132",1
Uangnya dikirim saja ke Rek. BANK BNI A/n. : Sdr ABDUL RAHMAN No. Rek. : 024-8721- 191 SMS saja kalau sudah dikirim. terima kasih,1
WASSALAMU ALAIKUM WR WB UANGNYA DIKIRIM SAJA KE NO REK INI BRI A/N NOVA ARYAxxx 0544 0100 8633 xxx KALAU SDH TRANSFER SMS AJA DI NO INI TRMH KASIH‚Äù No. HP Pengirim SMS: 0821-5104-2542,1
"Ya Allah, semoga yg mempunyai hp ini & keluarganya selalu dalam Kasih Sayang Mu, diberkahi rejekinya & dijauhkan dari mara bahaya"", jawab Amin jika Anda berkenan",1
"Yank tlong isi‚Äôin aku pulsa 10rb, di no ini,082189983017 nanti aq yg tlpn yacc!",1
Yank Tolong isi'in pulsa di no ini.085325556742 ini no baruq.skrng penting,1
"Yank, isikan dl pulsa di no as ini 085323048677 nanti gw gantiin.Penting bget nih krn barusan bos gw nelpon gw tgguin yach‚Ä¶",1
Yth Bpk/Ibu. BNI menyatakan Rekening anda terpilih sebagai pemenang hadiah Rp. 35jt. kode cek anda 03299757 info klik www.bankbni2016.blogspot.com,1
Yth Isti Sofiyah. Diminta Segera Hubungi Bpk Drs.H .Lalu Safi‚Äô i M.Pd. Kadisdik NTB.08531166 6557 Perihal Seminar Gratis Dari DIKTI. (Bu Sri TU.Diknas),1
YTH kpd bpk/ibu sy Eka Novitasari kariyawan 3care sudah M-hub anda tdk tersambung dgn hormat hal ini kami sampaikan melalui sms singkat dr layanan kami bahwa selamat no anda M-dptkan hadiah 1 unit mobil Toyota Avanza dgn PIN:47V27 dr undian rejeki 3care periode utama 2014.u/info lebih lanjut kunjungi www.rejekiundian3care.jimdo.com,1
"YTH,MIitra Silahkan cek poin anda dan tukarkan ke admin kami dengan format PO.PIN kirim ke +62xxxxxxxxxx",1
"Yuk Ikuti akun dakwah, caranya: ketik IKUT [spasi] AkuCintaIslam kirim ke 082110001021.",1
"Segan baa lo ko wqwq hai di, gila kurus banget skrg diii",0
Sekalian aku mau nanya alur dari rawat inap ke lab sama radiologi. Kalau obat kan ga ada yang ngolah.,0
sekalian liburannya ke malaysia juga wkwk,0
"Selain dicetak, rundown jg dkrm ke email di nama1 nuhun. Dtgu d prodi sampai 4.30. Dipercepat 30 menit.",0
"Selain itu saya punya ide untuk menggabungkan beberapa device HP sebagai sumber sensor, misal untuk deteksi longsor atau gempa ini terkait trend sekarang: iOT (internet of thing), silahkan bagi yg tertarik :)",0
"Selamat pagi pak, untuk data table yg dibutuhkan sudah saya email. Apakah email saya msk Pak?",0
"Selamat siang, mau reservasi bandros perorangan apakah bisa?",0
"Selamat sore Pak, besok kami bisa ke kantor jam brp Pak?",0
"Selamat sore teh, ini dg nama1 lg nyari kosan perbulan. Apakah ada yg kosong teh disana? Terima kasih.",0
Selamat TCASH TAP Anda telah aktif dengan SN: 100011398478 tgl. 21/08/2016 12:36:10 Info *800#,0
Selamat ulang tahun semoga panjang umur dan sehat selalu,0
"Selamat utk teman2 yg wisuda, semoga berkah ilmunya dan dilancarkan urusan kedepannya.. sukses terus buat kt semua :)",0
Selamat nama1. Semoga selalu menempuh hidup yang bahagia dan selalu menyenangkan,0
"Selamatkan diri kalian guys, karna ""lulus bareng"" hanyalah kata hiburan semata",0
"Selamatkan diri kalian guys, karna ""nikah bareng"" hanyalah kebaperan sesaat #NaonAriDyah",0
"selisihnya brp? sesuai janji saya sbelumhya, bagi yg nilainya diperbatasan saya akan cek kehadiran. Tapi kalau jauh ya  gak bisa :)  nanti gak ada habisnya turun terus.",0
"Semangat yang ibu gita, ibu putri dan bapak adison esok hari. Semoga diberikan yang terbaik. Aamiin",0
Semangat!! Aku jg nanti bunganya aku titipin ya. Eh mau bunga atau makanan wid?,0
"Semau-maunya kita ama orang, gak bakal jadi kalau gak jodoh. Segeleh-gelehnya pasti bakal nikah kalopun jodoh",0
Semoga Allah bersama kita Semua.,0
semoga cepat sembuh pak.,0
"semua udah masuk kok, cuma database sindo memang nggak real time.",0
Senin mah pelepasan doang kan? Aku brngktnya selasa apa egi senin berangktnya? ,0
Sep aku udh pull tp kenapa direpository git ga msk ke aku ya,0
Sepupu ane baru masuk kuliah,0
Setting ponsel akan segera dikirimkan. Masukkan PIN: 1111 jika diminta. Terimakasih,0
Setting telah dikirimkan ke ponsel Anda. Ikuti petunjuk yang diberikan untuk menyelesaikan setting internet dan kirim fot/MMS,0
silahkan berkas dambil di ruang saya,0
"Silahkan klo pd mau besok gpp, saya nyusul aja paling laporan ke bapaknya. Udh ngehubungin bapak jg.",0
Silahkan tebak umurnya~,0
"soal ada multiple choice ada essay. Yg weka masuk ke essay, tapi ada juga file yang dikumpulkan.",0
"Soalnya aku pernah ujug2 dtng, terus bapak nya bilang kalau mau bimbingan bls wa ya, biar saya bisa estimasi waktu, gitu",0
Soalnya bapa mau liat database secara keseluruhan.,0
Soalnya ini fitutnya lebih lengkap.,0
Soalnya yang aku udah ditambahin,0
"sok saya bebas gmna kalian, bsok hayu , jumat oke",0
"Struktur Data, PLA, Skripsi, dan Sidang",0
Subuh jg abis maghrib itu teh ahaha,0
"Sudah pak di email, saya cantumkan direct link juga diemail kalo misalkan file google drive tidak bisa di download",0
Sundae min sirup kiwi pake cochochips :*,0
"supaya kita bisa mulai cepat, tolong posisi duduknya diatur dari awal, diberi jarak satu kolom kosong selang seling.",0
"Tadi udah bertemu beliau pa. Kata beliau, pengujiannya bisanga besok pa.",0
Tapi daging kurban mentahnya udah ga ada :3,0
tapi kuliahnya sekarang. SP sebenarnya tidak boleh untuk kuliah yg ada praktikum.,0
"Tapi masukin aja dulu, soalnya aku data pasien dari sana.",0
Taqoballahu Minna waminkum. #SelamatMenyambutKemenangan,0
Teh jadi mau ketemuan ,0
Teh maaf kalau teteh sibuk gpp nanti bayar besok aja pas pengiriman ,0
Temen * yg lain bisa juga ya di undang ke grup ini,0
Terima kasih atas konfirmasinya. Orderan sedang kami proses.,0
Terimakasih telah melakukan pengisian ulang dgn SN 41000795569091 senilai 20000.,0
"Terimakasih, saat ini Anda masih terdaftar sebagai pelanggan TCash.",0
Terimakasih. Paket 60 mb Anda telah aktif. Cek bonus *889#. Katalog Poin lengkap tsel.me/telkomselpoin. S&K berlaku,0
Terlepas dr pelaku2 nya. Ambil dr sisi guru nya. Menarik bgt.,0
Ternyata formatnya banyak berantakan dari odp ke google sheet. Saya sdg rapikan sambil buat soal. Besok subuh harap cek lagi ya.,0
Tersrrah aja. Pagi juga nggak pa2,0
"Terus kalau ada yang nanya, kita masuknya suka pagi sampai siang kadang juga siang sampai sore. Gimana dari sananha.",0
tes toefl di balai bisa weekend ga?,0
"Tiga kali juga dil, april, juli, sama okt",0
nama1 udah diperpus nama1.. yuk kesini tika tugu diperpus ya,0
nama1  kalau kelompok sistem pembelajaran bhs jepang itu siapa ajaa?,0
nama1 kemaren kamera dan handycam waktu msceis pake kamera siapa aj?,0
TOPUP pulsa Rp50000 berhasil via transfer ATM BNI kode trx 01123190427523627. Pulsa anda saat ini Rp 54205. Terima kasih telah menggunakan INDOSAT OOREDOO,0
"Tp aku gak tertarik gt sih diperusahaan itu, org it nya baru satu ",0
Tp aku masih lucu ngebayangin kalian pacaran teh hahahaha,0
Tp baru tau teori doang sih...... Da blm ngerasain yg rumit2,0
Tp belum pasti ya. Kalau ada temen mah mau. Soalnya ga ada halangan untuk hdr kyknya hihi,0
Tp berapa lama lagi ya Pak?,0
Tp klo jd mmber mh bsa lbh murah dil,0
Traveloka.com: Your e-ticket summary 25-07-2016/15:30/XPRESS XN-738/PDG-BDO/DZZZZ Total: 1 passenger(s),0
Tunggu aja dulu di lobi bawah kalo saya belum datang ya...,0
Udah aa aa semua sih. Makan mah sama cewek2. Lupa ih mukanya dy aku gak bisa nginget wajah hahaha,0
"udah di benerin, kamu jangan sync dulu. backup filenya baru sync terus push dengan file kamu.",0
"Udah di beres2in, tp lampu depannya ada yg mati kl gasalah",0
Udah lama ga bimbingan üòÇ,0
Udh teh kata bapa bsk kekantor cuman blm dbls lg jamber.. jd blm pasti jg,0
"nama1, ntar bilang aja ke kaka kamu, pas instal ulang gagal ngeformat C nya, ada error tpi semua data di C nya udah keformat. Pas mau nyoba instal windows nya, muncul error yg sama, error code 0x80070057. Kemungkinan ada yg rusak di harddisk nya.",0
Untuk ayam bakar atau rica rica brp Pak?,0
"untuk dwm soal klasifikasi, algoritma yang menjadi dasar adalah random forest dengan akurasi model kira2 0.8. Setelah menggunakan data test (data yg saya berikan kemarin di UAS untuk diprediksi), akurasi yg didapat adalah 0.75. Jika mhs mendapat akurasi 0.75 dia akan mendapat nilai maksimal (20point). Akurasi tertinggi 0.77 diperoleh oleh nama1",0
"Untuk yg kontrak game prog (dan juga dwm): kita jadwalkan untuk ikut Gemastik. Ini kompetisi terbesar antar prodi ilkom/IF, dan kita punya peluang besar untuk bidang ini.",0
"Urang mah kayanya dah jumatan, tapi jam 2an. Mau ke pa lala dulu bentar.",0
Usul: Anak sospol dan yg berminat turun deh. Pelajari ttg ini,0
Waaah keren kang,0
Waalaikumsalam. Jumat ya pukul 9.,0
Waalaikumsalamin apa yg dpt saya bantu min?,0
Wah iya dy?haha sabar bgt anaknya teh jd we aku yg gtau diri ngomong seenaknya :(,0
wah mantap(ok) btw nge-cc perihal sponsor jg ya osnnya.. semoga yg terbaik utk kemakom,0
"wah repot kalo asumsinya gitu, kadang ada yg ganti kelompok. biasakan setiap dokumen itu ada nama, klau saya print lalu saya periksanya offline bingung kan mau dimasukkan ke mana kalau gak ada nama satupun.",0
Waktu itu malas sep hihi. Dilihat jd lebih rapih aja üòÜüëç,0
Wid jgn plg sebelum ketemu aku. Aku brgkt jam 5 hehe,0
Wihh nyimper kopernya dmn? Motor gigi kan?,0
wisudaan kan hari jumat,0
"Wkwk tumben kar biasanya masing2 punya sendiri kar, sampe yg sewarna ada 3",0
"Wooh ada yg mau nikah lagi, udah lulus langsung diiket",0
Ya ampuun pak jendral wk,0
"ya masuk aja, belum ada tugas/quiz kok. cuma perlu ngejar dikit. Materinya sekarang sudah sampai location aware app. pertemuan berikutnya masuk ke sensor.",0
"ya nggk jd masalh, toh model bisa diload dicontroler mana aja kan?",0
Yah saya dikostan temen dil. Hihi,0
"yahh masih lama ya, urgent ini wkwk",0
"Yang ada waktu luang besok pada futsal ya jam 4 di sampoerna, s Jangan ngaret",0
Yang sinonim bukan?,0
"Yaudah gausah babakaran atuh, yg pake kompor aja. Lagian ribet kan nyalain arengnya",0
"Yaudah sekarang mah eta harddisk di laptop maneh keluarin terus dijadiin harddisk external aja.. cari temen yang punya case nya.. entar datanya copy-in, paling maneh ngerjain di luar dulu aja ga di laptop itu",0
"yaudah, minta data dummy untuk diagnosa_pasien dong",0
"Yg butuh kosan perbulan bisa langsung ditempatin. Lokasi di gang samping gokana setiabudi, khusus cewe jam bebas, bersih, fasilitas kasur sama lemari kunci pegang masing2. Harga 725/bulan. Bisa hub ####  id line: titaniadbl",0
"Yg dian ge waktu itu yudisium akhirnya sore2, ga dibarengin sama nondik sampe jam 6kurang keluar yudisium teh",0
Yg mau ngampus aku pengen titip bawain SKL aku di prodiüò≠,0
Yg ragu sm bulet/datar atau yg pgn ikutan debat kusir :v,0
Yg sebelah warteg bahri apa sebrangnya? Yg 15,0
"Yooo sama2, oke nanti aku umumin di grup kelas",0
üòÅ sebelumnya ga ad nulis kerudung. Kirain warna jins,0
Mba mau kirim 300 ya,0
nama1  beaok bwrangkat pagi...mau cas atay tranfer?,0
No bri atas nama kamu mana,0
